Ref,Val,Package,PosX,PosY,Rot,Side
"C1","100nF","C_0805_2012Metric",22.000000,-33.000000,0.000000,top
"C2","10uF","C_0805_2012Metric",28.000000,-33.000000,0.000000,top
"R1","330","R_0805_2012Metric",46.000000,-47.000000,0.000000,top
"R2","330","R_0805_2012Metric",46.000000,-50.000000,0.000000,top
"R3","330","R_0805_2012Metric",46.000000,-53.000000,0.000000,top
"R4","330","R_0805_2012Metric",46.000000,-56.000000,0.000000,top
"R5","330","R_0805_2012Metric",46.000000,-59.000000,0.000000,top
"R6","330","R_0805_2012Metric",46.000000,-62.000000,0.000000,top
"R7","330","R_0805_2012Metric",46.000000,-65.000000,0.000000,top
"R8","330","R_0805_2012Metric",46.000000,-68.000000,0.000000,top
"R9","330","R_0805_2012Metric",46.000000,-71.000000,0.000000,top
"R10","330","R_0805_2012Metric",46.000000,-74.000000,0.000000,top
"R11","330","R_0805_2012Metric",46.000000,-77.000000,0.000000,top
"R12","330","R_0805_2012Metric",46.000000,-80.000000,0.000000,top
"R13","330","R_0805_2012Metric",46.000000,-83.000000,0.000000,top
"R14","330","R_0805_2012Metric",46.000000,-86.000000,0.000000,top
"R15","330","R_0805_2012Metric",46.000000,-89.000000,0.000000,top
"R16","330","R_0805_2012Metric",46.000000,-92.000000,0.000000,top
"R17","330","R_0805_2012Metric",94.000000,-49.000000,0.000000,top
"R18","330","R_0805_2012Metric",94.000000,-53.000000,0.000000,top
"R19","330","R_0805_2012Metric",94.000000,-57.000000,0.000000,top
"R20","330","R_0805_2012Metric",94.000000,-61.000000,0.000000,top
"R21","330","R_0805_2012Metric",94.000000,-65.000000,0.000000,top
"R22","330","R_0805_2012Metric",94.000000,-69.000000,0.000000,top
"R23","330","R_0805_2012Metric",94.000000,-73.000000,0.000000,top
"R24","330","R_0805_2012Metric",94.000000,-77.000000,0.000000,top
"R25","100","R_0805_2012Metric",20.000000,-62.000000,0.000000,top
"R26","100","R_0805_2012Metric",20.000000,-66.000000,0.000000,top
"R27","100","R_0805_2012Metric",20.000000,-70.000000,0.000000,top
"R28","100","R_0805_2012Metric",20.000000,-74.000000,0.000000,top
"R29","10k","R_0805_2012Metric",20.000000,-80.000000,0.000000,top
"R30","10k","R_0805_2012Metric",20.000000,-84.000000,0.000000,top
"R31","10k","R_0805_2012Metric",20.000000,-88.000000,0.000000,top
"R32","10k","R_0805_2012Metric",20.000000,-92.000000,0.000000,top
"R33","10k / PHI pulldown","R_0805_2012Metric",37.000000,-33.000000,0.000000,top
