signal,fnk_path_mm,weact_path_mm,path_delta_mm,path_delta_percent,fnk_net_sum_mm,weact_net_sum_mm,fnk_vias,weact_vias
AD0,48.549,48.024,-0.525,-1.081,48.549,48.024,1,1
AD1,41.519,43.233,1.714,4.128,41.519,43.233,1,2
AD2,45.581,48.324,2.742,6.017,45.581,48.324,1,2
AD3,47.004,48.237,1.233,2.623,47.004,48.237,1,2
AD4,54.847,60.618,5.77,10.521,55.313,60.618,2,4
AD5,62.77,65.266,2.496,3.976,63.286,65.266,3,4
AD6,65.334,73.689,8.354,12.787,65.334,73.781,3,3
AD7,64.947,69.895,4.948,7.618,65.222,70.132,3,1
AD8,74.203,74.082,-0.121,-0.163,74.241,74.632,2,2
AD9,73.612,69.791,-3.821,-5.191,74.366,70.394,2,1
AD10,77.963,81.073,3.11,3.989,77.963,81.073,4,2
AD11,103.554,82.228,-21.326,-20.594,103.554,83.605,2,3
AD12,101.871,86.433,-15.438,-15.155,101.871,86.433,3,3
AD13,113.195,86.691,-26.504,-23.414,113.195,87.391,2,2
AD14,108.456,116.654,8.197,7.558,108.456,116.654,2,2
AD15,134.837,135.081,0.244,0.181,139.912,140.156,2,1
A16_D0,79.435,61.821,-17.614,-22.175,82.035,61.821,2,0
A17_D1,100.852,81.873,-18.979,-18.819,100.852,81.873,2,2
A18_D2,104.947,86.624,-18.324,-17.46,104.947,86.624,2,2
A19_D3,80.881,77.247,-3.634,-4.493,80.881,77.247,1,1
A20_D4,85.342,70.266,-15.076,-17.666,85.342,70.521,1,2
A21_D5,85.478,79.759,-5.72,-6.691,85.558,80.362,2,2
A22_D6,91.321,82.598,-8.723,-9.552,91.786,83.436,2,2
A23_D7,100.526,91.723,-8.803,-8.757,104.478,96.811,2,2
nCS,125.154,121.714,-3.439,-2.748,161.31,170.098,4,3
nRD,121.358,119.204,-2.154,-1.775,158.992,154.892,2,1
nWR,132.529,128.8,-3.729,-2.814,177.048,174.234,1,2
nCS2,134.33,130.289,-4.042,-3.009,166.086,180.504,2,2
