net,FNK0099_track_mm,WeAct_track_mm,delta_mm,FNK0099_vias,WeAct_vias
/BOARD_3V3,48.314,49.232,0.919,0,0
/CART_3V3,109.224,103.607,-5.617,1,1
/CART_A16_D0,71.486,52.381,-19.105,2,0
/CART_A17_D1,56.663,49.928,-6.734,1,1
/CART_A18_D2,67.035,59.612,-7.423,1,1
/CART_A19_D3,68.99,66.465,-2.525,1,1
/CART_A20_D4,69.528,62.149,-7.379,1,1
/CART_A21_D5,72.656,64.458,-8.198,1,2
/CART_A22_D6,72.533,66.189,-6.344,1,1
/CART_A23_D7,79.625,73.224,-6.401,1,1
/CART_AD0,33.089,33.089,-0.0,1,1
/CART_AD1,27.107,29.39,2.283,1,2
/CART_AD10,57.893,57.737,-0.156,3,1
/CART_AD11,67.13,55.593,-11.538,1,1
/CART_AD12,77.303,60.714,-16.589,2,1
/CART_AD13,88.166,62.35,-25.817,1,1
/CART_AD14,82.968,83.229,0.261,1,1
/CART_AD15,98.514,97.628,-0.886,2,1
/CART_AD2,31.36,34.672,3.312,1,2
/CART_AD3,32.973,34.776,1.802,1,2
/CART_AD4,37.264,36.991,-0.273,1,2
/CART_AD5,40.917,38.184,-2.732,2,2
/CART_AD6,43.424,47.66,4.236,2,1
/CART_AD7,43.61,43.194,-0.416,2,1
/CART_AD8,53.252,46.333,-6.919,1,1
/CART_AD9,53.838,47.865,-5.973,1,1
/CART_PHI,17.485,17.346,-0.139,1,1
/CART_nCS,87.383,93.428,6.045,2,2
/CART_nCS2,125.963,140.521,14.558,2,2
/CART_nRD,88.68,83.475,-5.205,2,1
/CART_nREQ,36.584,34.971,-1.613,0,0
/CART_nWR,95.137,94.61,-0.526,1,1
/GND,180.784,180.089,-0.695,4,4
/MCU_A16_D0,10.549,9.44,-1.109,0,0
/MCU_A17_D1,44.19,31.945,-12.245,1,1
/MCU_A18_D2,37.912,27.012,-10.901,1,1
/MCU_A19_D3,11.891,10.782,-1.109,0,0
/MCU_A20_D4,15.814,8.372,-7.442,0,1
/MCU_A21_D5,12.902,15.904,3.002,1,0
/MCU_A22_D6,19.253,17.247,-2.006,1,1
/MCU_A23_D7,24.853,23.586,-1.267,1,1
/MCU_AD0,15.46,14.935,-0.525,0,0
/MCU_AD1,14.412,13.843,-0.569,0,0
/MCU_AD10,20.07,23.337,3.266,1,1
/MCU_AD11,36.424,28.013,-8.411,1,2
/MCU_AD12,24.569,25.72,1.151,1,2
/MCU_AD13,25.029,25.041,0.013,1,1
/MCU_AD14,25.489,33.425,7.936,1,1
/MCU_AD15,41.398,42.529,1.131,0,0
/MCU_AD2,14.221,13.652,-0.569,0,0
/MCU_AD3,14.031,13.462,-0.569,0,0
/MCU_AD4,18.049,23.626,5.578,1,2
/MCU_AD5,22.369,27.082,4.712,1,2
/MCU_AD6,21.91,26.122,4.211,1,2
/MCU_AD7,21.611,26.938,5.327,1,0
/MCU_AD8,20.989,28.299,7.31,1,1
/MCU_AD9,20.529,22.529,2.0,1,0
/MCU_nCS,73.928,76.67,2.743,2,1
/MCU_nCS2,40.123,39.983,-0.139,0,0
/MCU_nRD,70.312,71.417,1.105,0,0
/MCU_nWR,69.996,67.707,-2.288,0,1
/WR_LINK,11.916,11.916,0.0,0,0
