Reference,Value,Footprint,Status,MPN,LCSC Part Number,Rating,Source,Supplier,Supplier Code
J1,WEACT_LEFT,GBA_Mechanical:PinSocket_1x22_P2.54mm_D1.02mm,SELECTED_WEACT_MATING_PENDING,FH2.54-40U1GF8.5-0.5,,3A; 2.54mm; housing 8.5mm; WeAct header mating pending,https://akizukidenshi.com/catalog/g/g110073/,Akizuki,110073
J2,WEACT_RIGHT,GBA_Mechanical:PinSocket_1x22_P2.54mm_D1.02mm,SELECTED_WEACT_MATING_PENDING,FH2.54-40U1GF8.5-0.5,,3A; 2.54mm; housing 8.5mm; WeAct header mating pending,https://akizukidenshi.com/catalog/g/g110073/,Akizuki,110073
J3,GBA_32_LOGICAL_PINS,Gekkio_Connector_PCBEdge:GameBoy_Cartridge_AGB_1x32_P1.50mm_Socket_Horizontal,FOOTPRINT_APPROVED_USER_SUPPLIED_SOURCE,N/A - manufacturer part number not identified,,GBA 32 contacts; user-approved footprint; AliExpress item 1005005472303111,https://ja.aliexpress.com/item/1005005472303111.html,AliExpress,1005005472303111
R1,330,Resistor_SMD:R_0805_2012Metric,SELECTED_NOT_BENCH_VERIFIED,0805W8F3300T5E,C17630,125mW; 150V; +/-1%; +/-100ppm/C,https://jlcpcb.com/partdetail/0805W8F3300T5E/C17630,JLCPCB,C17630
R2,330,Resistor_SMD:R_0805_2012Metric,SELECTED_NOT_BENCH_VERIFIED,0805W8F3300T5E,C17630,125mW; 150V; +/-1%; +/-100ppm/C,https://jlcpcb.com/partdetail/0805W8F3300T5E/C17630,JLCPCB,C17630
R3,330,Resistor_SMD:R_0805_2012Metric,SELECTED_NOT_BENCH_VERIFIED,0805W8F3300T5E,C17630,125mW; 150V; +/-1%; +/-100ppm/C,https://jlcpcb.com/partdetail/0805W8F3300T5E/C17630,JLCPCB,C17630
R4,330,Resistor_SMD:R_0805_2012Metric,SELECTED_NOT_BENCH_VERIFIED,0805W8F3300T5E,C17630,125mW; 150V; +/-1%; +/-100ppm/C,https://jlcpcb.com/partdetail/0805W8F3300T5E/C17630,JLCPCB,C17630
R5,330,Resistor_SMD:R_0805_2012Metric,SELECTED_NOT_BENCH_VERIFIED,0805W8F3300T5E,C17630,125mW; 150V; +/-1%; +/-100ppm/C,https://jlcpcb.com/partdetail/0805W8F3300T5E/C17630,JLCPCB,C17630
R6,330,Resistor_SMD:R_0805_2012Metric,SELECTED_NOT_BENCH_VERIFIED,0805W8F3300T5E,C17630,125mW; 150V; +/-1%; +/-100ppm/C,https://jlcpcb.com/partdetail/0805W8F3300T5E/C17630,JLCPCB,C17630
R7,330,Resistor_SMD:R_0805_2012Metric,SELECTED_NOT_BENCH_VERIFIED,0805W8F3300T5E,C17630,125mW; 150V; +/-1%; +/-100ppm/C,https://jlcpcb.com/partdetail/0805W8F3300T5E/C17630,JLCPCB,C17630
R8,330,Resistor_SMD:R_0805_2012Metric,SELECTED_NOT_BENCH_VERIFIED,0805W8F3300T5E,C17630,125mW; 150V; +/-1%; +/-100ppm/C,https://jlcpcb.com/partdetail/0805W8F3300T5E/C17630,JLCPCB,C17630
R9,330,Resistor_SMD:R_0805_2012Metric,SELECTED_NOT_BENCH_VERIFIED,0805W8F3300T5E,C17630,125mW; 150V; +/-1%; +/-100ppm/C,https://jlcpcb.com/partdetail/0805W8F3300T5E/C17630,JLCPCB,C17630
R10,330,Resistor_SMD:R_0805_2012Metric,SELECTED_NOT_BENCH_VERIFIED,0805W8F3300T5E,C17630,125mW; 150V; +/-1%; +/-100ppm/C,https://jlcpcb.com/partdetail/0805W8F3300T5E/C17630,JLCPCB,C17630
R11,330,Resistor_SMD:R_0805_2012Metric,SELECTED_NOT_BENCH_VERIFIED,0805W8F3300T5E,C17630,125mW; 150V; +/-1%; +/-100ppm/C,https://jlcpcb.com/partdetail/0805W8F3300T5E/C17630,JLCPCB,C17630
R12,330,Resistor_SMD:R_0805_2012Metric,SELECTED_NOT_BENCH_VERIFIED,0805W8F3300T5E,C17630,125mW; 150V; +/-1%; +/-100ppm/C,https://jlcpcb.com/partdetail/0805W8F3300T5E/C17630,JLCPCB,C17630
R13,330,Resistor_SMD:R_0805_2012Metric,SELECTED_NOT_BENCH_VERIFIED,0805W8F3300T5E,C17630,125mW; 150V; +/-1%; +/-100ppm/C,https://jlcpcb.com/partdetail/0805W8F3300T5E/C17630,JLCPCB,C17630
R14,330,Resistor_SMD:R_0805_2012Metric,SELECTED_NOT_BENCH_VERIFIED,0805W8F3300T5E,C17630,125mW; 150V; +/-1%; +/-100ppm/C,https://jlcpcb.com/partdetail/0805W8F3300T5E/C17630,JLCPCB,C17630
R15,330,Resistor_SMD:R_0805_2012Metric,SELECTED_NOT_BENCH_VERIFIED,0805W8F3300T5E,C17630,125mW; 150V; +/-1%; +/-100ppm/C,https://jlcpcb.com/partdetail/0805W8F3300T5E/C17630,JLCPCB,C17630
R16,330,Resistor_SMD:R_0805_2012Metric,SELECTED_NOT_BENCH_VERIFIED,0805W8F3300T5E,C17630,125mW; 150V; +/-1%; +/-100ppm/C,https://jlcpcb.com/partdetail/0805W8F3300T5E/C17630,JLCPCB,C17630
R17,330,Resistor_SMD:R_0805_2012Metric,SELECTED_NOT_BENCH_VERIFIED,0805W8F3300T5E,C17630,125mW; 150V; +/-1%; +/-100ppm/C,https://jlcpcb.com/partdetail/0805W8F3300T5E/C17630,JLCPCB,C17630
R18,330,Resistor_SMD:R_0805_2012Metric,SELECTED_NOT_BENCH_VERIFIED,0805W8F3300T5E,C17630,125mW; 150V; +/-1%; +/-100ppm/C,https://jlcpcb.com/partdetail/0805W8F3300T5E/C17630,JLCPCB,C17630
R19,330,Resistor_SMD:R_0805_2012Metric,SELECTED_NOT_BENCH_VERIFIED,0805W8F3300T5E,C17630,125mW; 150V; +/-1%; +/-100ppm/C,https://jlcpcb.com/partdetail/0805W8F3300T5E/C17630,JLCPCB,C17630
R20,330,Resistor_SMD:R_0805_2012Metric,SELECTED_NOT_BENCH_VERIFIED,0805W8F3300T5E,C17630,125mW; 150V; +/-1%; +/-100ppm/C,https://jlcpcb.com/partdetail/0805W8F3300T5E/C17630,JLCPCB,C17630
R21,330,Resistor_SMD:R_0805_2012Metric,SELECTED_NOT_BENCH_VERIFIED,0805W8F3300T5E,C17630,125mW; 150V; +/-1%; +/-100ppm/C,https://jlcpcb.com/partdetail/0805W8F3300T5E/C17630,JLCPCB,C17630
R22,330,Resistor_SMD:R_0805_2012Metric,SELECTED_NOT_BENCH_VERIFIED,0805W8F3300T5E,C17630,125mW; 150V; +/-1%; +/-100ppm/C,https://jlcpcb.com/partdetail/0805W8F3300T5E/C17630,JLCPCB,C17630
R23,330,Resistor_SMD:R_0805_2012Metric,SELECTED_NOT_BENCH_VERIFIED,0805W8F3300T5E,C17630,125mW; 150V; +/-1%; +/-100ppm/C,https://jlcpcb.com/partdetail/0805W8F3300T5E/C17630,JLCPCB,C17630
R24,330,Resistor_SMD:R_0805_2012Metric,SELECTED_NOT_BENCH_VERIFIED,0805W8F3300T5E,C17630,125mW; 150V; +/-1%; +/-100ppm/C,https://jlcpcb.com/partdetail/0805W8F3300T5E/C17630,JLCPCB,C17630
R25,100,Resistor_SMD:R_0805_2012Metric,SELECTED_NOT_BENCH_VERIFIED,0805W8F1000T5E,C17408,125mW; 150V; +/-1%; +/-100ppm/C,https://jlcpcb.com/partdetail/0805W8F1000T5E/C17408,JLCPCB,C17408
R26,100,Resistor_SMD:R_0805_2012Metric,SELECTED_NOT_BENCH_VERIFIED,0805W8F1000T5E,C17408,125mW; 150V; +/-1%; +/-100ppm/C,https://jlcpcb.com/partdetail/0805W8F1000T5E/C17408,JLCPCB,C17408
R27,100,Resistor_SMD:R_0805_2012Metric,SELECTED_NOT_BENCH_VERIFIED,0805W8F1000T5E,C17408,125mW; 150V; +/-1%; +/-100ppm/C,https://jlcpcb.com/partdetail/0805W8F1000T5E/C17408,JLCPCB,C17408
R28,100,Resistor_SMD:R_0805_2012Metric,SELECTED_NOT_BENCH_VERIFIED,0805W8F1000T5E,C17408,125mW; 150V; +/-1%; +/-100ppm/C,https://jlcpcb.com/partdetail/0805W8F1000T5E/C17408,JLCPCB,C17408
JP1,WR ENABLE / DEFAULT OPEN,GBA_Mechanical:PinHeader_1x02_P2.54mm_D1.02mm,SELECTED_NOT_BENCH_VERIFIED,PH-1X2SG,,3A; 2.54mm pitch; 0.64mm square pins,https://akizukidenshi.com/catalog/g/g108593/,Akizuki,108593
R29,10k,Resistor_SMD:R_0805_2012Metric,SELECTED_NOT_BENCH_VERIFIED,0805W8F1002T5E,C17414,125mW; 150V; +/-1%; +/-100ppm/C,https://jlcpcb.com/partdetail/0805W8F1002T5E/C17414,JLCPCB,C17414
R30,10k,Resistor_SMD:R_0805_2012Metric,SELECTED_NOT_BENCH_VERIFIED,0805W8F1002T5E,C17414,125mW; 150V; +/-1%; +/-100ppm/C,https://jlcpcb.com/partdetail/0805W8F1002T5E/C17414,JLCPCB,C17414
R31,10k,Resistor_SMD:R_0805_2012Metric,SELECTED_NOT_BENCH_VERIFIED,0805W8F1002T5E,C17414,125mW; 150V; +/-1%; +/-100ppm/C,https://jlcpcb.com/partdetail/0805W8F1002T5E/C17414,JLCPCB,C17414
R32,10k,Resistor_SMD:R_0805_2012Metric,SELECTED_NOT_BENCH_VERIFIED,0805W8F1002T5E,C17414,125mW; 150V; +/-1%; +/-100ppm/C,https://jlcpcb.com/partdetail/0805W8F1002T5E/C17414,JLCPCB,C17414
JP2,POWER LINK / DEFAULT CLOSED,GBA_Mechanical:PinHeader_1x02_P2.54mm_D1.02mm,SELECTED_NOT_BENCH_VERIFIED,PH-1X2SG,,3A; 2.54mm pitch; 0.64mm square pins,https://akizukidenshi.com/catalog/g/g108593/,Akizuki,108593
C1,100nF,Capacitor_SMD:C_0805_2012Metric,SELECTED_NOT_BENCH_VERIFIED,CC0805KRX7R9BB104,C49678,50V; X7R; +/-10%,https://jlcpcb.com/partdetail/CC0805KRX7R9BB104/C49678,JLCPCB,C49678
C2,10uF,Capacitor_SMD:C_0805_2012Metric,SELECTED_NOT_BENCH_VERIFIED,CL21A106KAYNNNE,C15850,25V; X5R; +/-10%,https://jlcpcb.com/partdetail/CL21A106KAYNNNE/C15850,JLCPCB,C15850
R33,10k / PHI pulldown,Resistor_SMD:R_0805_2012Metric,SELECTED_NOT_BENCH_VERIFIED,0805W8F1002T5E,C17414,125mW; 150V; +/-1%; +/-100ppm/C,https://jlcpcb.com/partdetail/0805W8F1002T5E/C17414,JLCPCB,C17414
TP1,3V3,GBA_Mechanical:TestPoint_Pad_D2.0mm,PCB_FEATURE_NO_PURCHASE,,,,,,
TP2,GND,GBA_Mechanical:TestPoint_Pad_D2.0mm,PCB_FEATURE_NO_PURCHASE,,,,,,
TP3,nCS,GBA_Mechanical:TestPoint_Pad_D2.0mm,PCB_FEATURE_NO_PURCHASE,,,,,,
TP4,nRD,GBA_Mechanical:TestPoint_Pad_D2.0mm,PCB_FEATURE_NO_PURCHASE,,,,,,
TP5,nWR,GBA_Mechanical:TestPoint_Pad_D2.0mm,PCB_FEATURE_NO_PURCHASE,,,,,,
TP6,nCS2,GBA_Mechanical:TestPoint_Pad_D2.0mm,PCB_FEATURE_NO_PURCHASE,,,,,,
TP7,AD0,GBA_Mechanical:TestPoint_Pad_D2.0mm,PCB_FEATURE_NO_PURCHASE,,,,,,
TP8,AD15,GBA_Mechanical:TestPoint_Pad_D2.0mm,PCB_FEATURE_NO_PURCHASE,,,,,,
TP9,A16_D0,GBA_Mechanical:TestPoint_Pad_D2.0mm,PCB_FEATURE_NO_PURCHASE,,,,,,
TP10,A23_D7,GBA_Mechanical:TestPoint_Pad_D2.0mm,PCB_FEATURE_NO_PURCHASE,,,,,,
TP11,PHI,GBA_Mechanical:TestPoint_Pad_D2.0mm,PCB_FEATURE_NO_PURCHASE,,,,,,
TP12,nREQ,GBA_Mechanical:TestPoint_Pad_D2.0mm,PCB_FEATURE_NO_PURCHASE,,,,,,
