Designator,Mid X,Mid Y,Layer,Rotation
C1,22.000000mm,-33.000000mm,Top,0.000000
C2,28.000000mm,-33.000000mm,Top,0.000000
R1,46.000000mm,-47.000000mm,Top,0.000000
R2,46.000000mm,-50.000000mm,Top,0.000000
R3,46.000000mm,-53.000000mm,Top,0.000000
R4,46.000000mm,-56.000000mm,Top,0.000000
R5,46.000000mm,-59.000000mm,Top,0.000000
R6,46.000000mm,-62.000000mm,Top,0.000000
R7,46.000000mm,-65.000000mm,Top,0.000000
R8,46.000000mm,-68.000000mm,Top,0.000000
R9,46.000000mm,-71.000000mm,Top,0.000000
R10,46.000000mm,-74.000000mm,Top,0.000000
R11,46.000000mm,-77.000000mm,Top,0.000000
R12,46.000000mm,-80.000000mm,Top,0.000000
R13,46.000000mm,-83.000000mm,Top,0.000000
R14,46.000000mm,-86.000000mm,Top,0.000000
R15,46.000000mm,-89.000000mm,Top,0.000000
R16,46.000000mm,-92.000000mm,Top,0.000000
R17,94.000000mm,-49.000000mm,Top,0.000000
R18,94.000000mm,-53.000000mm,Top,0.000000
R19,94.000000mm,-57.000000mm,Top,0.000000
R20,94.000000mm,-61.000000mm,Top,0.000000
R21,94.000000mm,-65.000000mm,Top,0.000000
R22,94.000000mm,-69.000000mm,Top,0.000000
R23,94.000000mm,-73.000000mm,Top,0.000000
R24,94.000000mm,-77.000000mm,Top,0.000000
R25,20.000000mm,-62.000000mm,Top,0.000000
R26,20.000000mm,-66.000000mm,Top,0.000000
R27,20.000000mm,-70.000000mm,Top,0.000000
R28,20.000000mm,-74.000000mm,Top,0.000000
R29,20.000000mm,-80.000000mm,Top,0.000000
R30,20.000000mm,-84.000000mm,Top,0.000000
R31,20.000000mm,-88.000000mm,Top,0.000000
R32,20.000000mm,-92.000000mm,Top,0.000000
R33,37.000000mm,-33.000000mm,Top,0.000000
